"Id","Path","Slice Name","Alias(s)","Label","Min","Max","Must Support?","Is Modifier?","Is Summary?","Type(s)","Short","Definition","Comments","Requirements","Default Value","Meaning When Missing","Fixed Value","Pattern","Example","Minimum Value","Maximum Value","Maximum Length","Binding Strength","Binding Description","Binding Value Set","Code","Slicing Discriminator","Slicing Description","Slicing Ordered","Slicing Rules","Base Path","Base Min","Base Max","Condition(s)","Constraint(s)"
"patient","patient","","","",0,*,"","","","null {[]} {[]}
","Patient – Logisk Model","Konceptuel logisk model for en Patient i dansk sundhedsvæsen.","","","","","","","","","",,,,,"",,,,"Base",0,*,"",""
"patient.cpr","patient.cpr","","","",1,1,"","","","string {[]} {[]}
","CPR-nummer","CPR-nummer","","","","","","","","","",,,,,"",,,,"patient.cpr",1,1,"",""
"patient.navn","patient.navn","","","",1,1,"","","","HumanName {[]} {[]}
","Fulde navn","Fulde navn","","","","","","","","","",,,,,"",,,,"patient.navn",1,1,"",""
"patient.adresse","patient.adresse","","","",0,1,"","","","Address {[]} {[]}
","Bopaelasdresse","Bopaelasdresse","","","","","","","","","",,,,,"",,,,"patient.adresse",0,1,"",""
"patient.telefon","patient.telefon","","","",0,1,"","","","ContactPoint {[]} {[]}
","Kontakttelefon","Kontakttelefon","","","","","","","","","",,,,,"",,,,"patient.telefon",0,1,"",""
